{
  "input_word_count": 2973,
  "consensus_word_count": 7274,
  "models": {
    "llama": {
      "word_count": 3564,
      "input_preservation": 0.4306579123676806,
      "consensus_alignment": 0.010444085930202938,
      "length_score": 1.0,
      "format_score": 1.0,
      "quality_score": 0.4333750080823854
    },
    "qwen": {
      "word_count": 3198,
      "input_preservation": 0.2579303172126885,
      "consensus_alignment": 0.03635495976226112,
      "length_score": 1.0,
      "format_score": 1.0,
      "quality_score": 0.391921079068711
    },
    "grok": {
      "word_count": 2968,
      "input_preservation": 0.12793659779224456,
      "consensus_alignment": 0.042662565905096664,
      "length_score": 1.0,
      "format_score": 1.0,
      "quality_score": 0.3554460056997121
    },
    "deepseek": {
      "word_count": 3055,
      "input_preservation": 0.12886000351308624,
      "consensus_alignment": 0.03429496292732005,
      "length_score": 1.0,
      "format_score": 1.0,
      "quality_score": 0.3523759862248539
    },
    "opus": {
      "word_count": 3071,
      "input_preservation": 0.08426946631671041,
      "consensus_alignment": 0.04346403089611835,
      "length_score": 1.0,
      "format_score": 1.0,
      "quality_score": 0.3426664522534605
    },
    "kimi": {
      "word_count": 3241,
      "input_preservation": 0.08755441918319397,
      "consensus_alignment": 0.039785272089700854,
      "length_score": 1.0,
      "format_score": 1.0,
      "quality_score": 0.3421804345908386
    },
    "glm": {
      "word_count": 2564,
      "input_preservation": 0.09135950754447865,
      "consensus_alignment": 0.03667593056631282,
      "length_score": 1.0,
      "format_score": 1.0,
      "quality_score": 0.34207822448986874
    },
    "mistral": {
      "word_count": 2776,
      "input_preservation": 0.07785693515556848,
      "consensus_alignment": 0.03922444603288063,
      "length_score": 1.0,
      "format_score": 1.0,
      "quality_score": 0.3390468589598228
    },
    "chatgpt": {
      "word_count": 2851,
      "input_preservation": 0.08535170413343002,
      "consensus_alignment": 0.031001873494513336,
      "length_score": 1.0,
      "format_score": 1.0,
      "quality_score": 0.33800626063783434
    },
    "minimax": {
      "word_count": 3013,
      "input_preservation": 0.0822550831792976,
      "consensus_alignment": 0.03190270556094122,
      "length_score": 1.0,
      "format_score": 1.0,
      "quality_score": 0.3374376071781658
    },
    "gemini": {
      "word_count": 2838,
      "input_preservation": 0.05631039744241808,
      "consensus_alignment": 0.040775311509088474,
      "length_score": 1.0,
      "format_score": 1.0,
      "quality_score": 0.3332032438363608
    }
  },
  "top_5": [
    "llama",
    "qwen",
    "grok",
    "deepseek",
    "opus"
  ],
  "bottom_3": [
    "chatgpt",
    "minimax",
    "gemini"
  ]
}