{
  "input_word_count": 2973,
  "consensus_word_count": 6359,
  "models": {
    "llama": {
      "word_count": 3559,
      "input_preservation": 0.4264755594618349,
      "consensus_alignment": 0.033646638905413445,
      "length_score": 1.0,
      "format_score": 1.0,
      "quality_score": 0.4414013234007158
    },
    "kimi": {
      "word_count": 3640,
      "input_preservation": 0.4379762063895201,
      "consensus_alignment": 0.05225765336228669,
      "length_score": 0.887823747056845,
      "format_score": 1.0,
      "quality_score": 0.42986067267313977
    },
    "grok": {
      "word_count": 3479,
      "input_preservation": 0.28294902706557545,
      "consensus_alignment": 0.06378610646932442,
      "length_score": 1.0,
      "format_score": 1.0,
      "quality_score": 0.4103991507074024
    },
    "deepseek": {
      "word_count": 3170,
      "input_preservation": 0.2683231538034425,
      "consensus_alignment": 0.07246903705858115,
      "length_score": 1.0,
      "format_score": 1.0,
      "quality_score": 0.40948456096446517
    },
    "qwen": {
      "word_count": 3143,
      "input_preservation": 0.24558223833257817,
      "consensus_alignment": 0.06340253804638499,
      "length_score": 1.0,
      "format_score": 1.0,
      "quality_score": 0.39903568671832745
    },
    "chatgpt": {
      "word_count": 2879,
      "input_preservation": 0.22557424489057695,
      "consensus_alignment": 0.060017960486928756,
      "length_score": 1.0,
      "format_score": 1.0,
      "quality_score": 0.39167945766194456
    },
    "minimax": {
      "word_count": 3162,
      "input_preservation": 0.12599251460351885,
      "consensus_alignment": 0.06536361863911094,
      "length_score": 1.0,
      "format_score": 1.0,
      "quality_score": 0.36394320183670004
    },
    "opus": {
      "word_count": 3015,
      "input_preservation": 0.09290486796054724,
      "consensus_alignment": 0.0733611588509698,
      "length_score": 1.0,
      "format_score": 1.0,
      "quality_score": 0.35721592392855206
    },
    "glm": {
      "word_count": 3213,
      "input_preservation": 0.08884549670490603,
      "consensus_alignment": 0.07528816691795147,
      "length_score": 1.0,
      "format_score": 1.0,
      "quality_score": 0.35676891577865244
    },
    "mistral": {
      "word_count": 3110,
      "input_preservation": 0.09210803226937916,
      "consensus_alignment": 0.06695480184601861,
      "length_score": 1.0,
      "format_score": 1.0,
      "quality_score": 0.3544143304192212
    },
    "gemini": {
      "word_count": 3023,
      "input_preservation": 0.09210806211444374,
      "consensus_alignment": 0.05899284115230387,
      "length_score": 1.0,
      "format_score": 1.0,
      "quality_score": 0.35122955509525466
    }
  },
  "top_5": [
    "llama",
    "kimi",
    "grok",
    "deepseek",
    "qwen"
  ],
  "bottom_3": [
    "glm",
    "mistral",
    "gemini"
  ]
}